Operation,Certificate,ProcessingTime(ms),Status
Issue,CERT: 57459,10.474,Issued
Issue,CERT: 4858,10.326,Issued
Issue,CERT: 89574,10.456,Issued
Issue,CERT: 38046,10.502,Issued
Issue,CERT: 42553,10.556,Issued
Issue,CERT: 23666,10.593,Issued
Issue,CERT: 89695,10.452,Issued
Issue,CERT: 43110,10.467,Issued
Issue,CERT: 63340,10.472,Issued
Issue,CERT: 23482,10.422,Issued
Issue,CERT: 48451,10.424,Issued
Issue,CERT: 60268,10.547,Issued
Issue,CERT: 73188,10.443,Issued
Issue,CERT: 7502,10.363,Issued
Issue,CERT: 36120,10.445,Issued
Issue,CERT: 76229,10.567,Issued
Issue,CERT: 94236,10.351,Issued
Issue,CERT: 86294,10.477,Issued
Issue,CERT: 63585,10.551,Issued
Issue,CERT: 77901,10.417,Issued
Issue,CERT: 79438,10.514,Issued
Issue,CERT: 4994,10.293,Issued
Issue,CERT: 25126,10.396,Issued
Issue,CERT: 99563,10.426,Issued
Issue,CERT: 34575,10.323,Issued
Issue,CERT: 44842,10.462,Issued
Issue,CERT: 4226,10.383,Issued
Issue,CERT: 6495,10.472,Issued
Issue,CERT: 72094,10.579,Issued
Issue,CERT: 92567,10.434,Issued
Issue,CERT: 68285,10.337,Issued
Issue,CERT: 18230,10.441,Issued
Issue,CERT: 65577,10.365,Issued
Issue,CERT: 82195,10.577,Issued
Issue,CERT: 51048,10.133,Issued
Issue,CERT: 85678,10.483,Issued
Issue,CERT: 46865,10.361,Issued
Issue,CERT: 3293,10.322,Issued
Issue,CERT: 12445,10.521,Issued
Issue,CERT: 96805,10.338,Issued
Issue,CERT: 58022,10.494,Issued
Issue,CERT: 97782,10.511,Issued
Issue,CERT: 24815,10.440,Issued
Issue,CERT: 34598,10.387,Issued
Issue,CERT: 46873,10.385,Issued
Issue,CERT: 98526,10.498,Issued
Issue,CERT: 82659,10.395,Issued
Issue,CERT: 66946,10.110,Issued
Issue,CERT: 19809,10.320,Issued
Issue,CERT: 93833,10.298,Issued
Issue,CERT: 72410,10.454,Issued
Issue,CERT: 11169,10.149,Issued
Issue,CERT: 10549,10.549,Issued
Issue,CERT: 19561,10.178,Issued
Issue,CERT: 94120,10.629,Issued
Issue,CERT: 2769,10.387,Issued
Issue,CERT: 94985,10.439,Issued
Issue,CERT: 76087,10.248,Issued
Issue,CERT: 81161,10.516,Issued
Issue,CERT: 42834,10.478,Issued
Issue,CERT: 14453,10.453,Issued
Issue,CERT: 42635,10.367,Issued
Issue,CERT: 80807,10.400,Issued
Issue,CERT: 74267,10.436,Issued
Issue,CERT: 26803,10.476,Issued
Issue,CERT: 94591,10.393,Issued
Issue,CERT: 76114,10.377,Issued
Issue,CERT: 56091,10.496,Issued
Issue,CERT: 64941,10.302,Issued
Issue,CERT: 27844,10.522,Issued
Issue,CERT: 29721,10.469,Issued
Issue,CERT: 63255,10.491,Issued
Issue,CERT: 46118,10.479,Issued
Issue,CERT: 85317,10.282,Issued
Issue,CERT: 92865,10.586,Issued
Issue,CERT: 83141,10.309,Issued
Issue,CERT: 72669,10.386,Issued
Issue,CERT: 36227,10.417,Issued
Issue,CERT: 23549,10.111,Issued
Issue,CERT: 93143,10.539,Issued
Issue,CERT: 47195,10.187,Issued
Issue,CERT: 68386,10.346,Issued
Issue,CERT: 22911,10.396,Issued
Issue,CERT: 50649,10.397,Issued
Issue,CERT: 37219,10.506,Issued
Issue,CERT: 93173,10.302,Issued
Issue,CERT: 54572,10.380,Issued
Issue,CERT: 9691,10.161,Issued
Issue,CERT: 59386,10.509,Issued
Issue,CERT: 33523,10.398,Issued
Issue,CERT: 46973,10.437,Issued
Issue,CERT: 18694,10.437,Issued
Issue,CERT: 57690,10.520,Issued
Issue,CERT: 75293,10.336,Issued
Issue,CERT: 50312,10.083,Issued
Issue,CERT: 21362,10.085,Issued
Issue,CERT: 71888,10.435,Issued
Issue,CERT: 96216,10.537,Issued
Issue,CERT: 26033,10.624,Issued
Issue,CERT: 54010,10.143,Issued
Issue,CERT: 86648,10.535,Issued
Issue,CERT: 33821,10.779,Issued
Issue,CERT: 80502,10.363,Issued
Issue,CERT: 14336,10.155,Issued
Issue,CERT: 27947,10.371,Issued
Issue,CERT: 42449,10.349,Issued
Issue,CERT: 13915,10.069,Issued
Issue,CERT: 43889,10.598,Issued
Issue,CERT: 90435,10.333,Issued
Issue,CERT: 55607,10.499,Issued
Issue,CERT: 77713,10.486,Issued
Issue,CERT: 21122,10.452,Issued
Issue,CERT: 27699,10.328,Issued
Issue,CERT: 50245,10.229,Issued
Issue,CERT: 80572,10.458,Issued
Issue,CERT: 49599,10.462,Issued
Issue,CERT: 9659,10.367,Issued
Issue,CERT: 73801,10.488,Issued
Issue,CERT: 12307,10.246,Issued
Issue,CERT: 64514,10.431,Issued
Issue,CERT: 63104,10.250,Issued
Issue,CERT: 88924,10.539,Issued
Issue,CERT: 63924,10.536,Issued
Issue,CERT: 12262,10.500,Issued
Issue,CERT: 55314,10.438,Issued
Issue,CERT: 36667,10.427,Issued
Issue,CERT: 39828,10.336,Issued
Issue,CERT: 51152,10.272,Issued
Issue,CERT: 50645,10.455,Issued
Issue,CERT: 80879,10.332,Issued
Issue,CERT: 83346,10.501,Issued
Issue,CERT: 57495,10.539,Issued
Issue,CERT: 49292,10.205,Issued
Issue,CERT: 75474,10.477,Issued
Issue,CERT: 2976,10.471,Issued
Issue,CERT: 54625,10.339,Issued
Issue,CERT: 51538,10.369,Issued
Issue,CERT: 73417,10.381,Issued
Issue,CERT: 50109,10.547,Issued
Issue,CERT: 73263,10.352,Issued
Issue,CERT: 65946,10.512,Issued
Issue,CERT: 94941,10.578,Issued
Issue,CERT: 51855,10.206,Issued
Issue,CERT: 1585,10.544,Issued
Issue,CERT: 64684,10.429,Issued
Issue,CERT: 93382,10.351,Issued
Issue,CERT: 51428,10.540,Issued
Issue,CERT: 30786,10.322,Issued
Issue,CERT: 19627,10.412,Issued
Issue,CERT: 67045,10.486,Issued
Issue,CERT: 26509,10.371,Issued
Issue,CERT: 88934,10.588,Issued
Issue,CERT: 29481,10.097,Issued
Issue,CERT: 29944,10.524,Issued
Issue,CERT: 78387,10.381,Issued
Issue,CERT: 22720,10.486,Issued
Issue,CERT: 9297,10.466,Issued
Issue,CERT: 74022,10.446,Issued
Issue,CERT: 91727,10.564,Issued
Issue,CERT: 60430,10.428,Issued
Issue,CERT: 88015,10.282,Issued
Issue,CERT: 58671,10.594,Issued
Issue,CERT: 55487,10.619,Issued
Issue,CERT: 72370,10.457,Issued
Issue,CERT: 46417,10.563,Issued
Issue,CERT: 71440,10.563,Issued
Issue,CERT: 2777,10.470,Issued
Issue,CERT: 79139,10.338,Issued
Issue,CERT: 17060,10.532,Issued
Issue,CERT: 88624,10.418,Issued
Issue,CERT: 86986,10.436,Issued
Issue,CERT: 54386,10.270,Issued
Issue,CERT: 56728,10.175,Issued
Issue,CERT: 1741,10.379,Issued
Issue,CERT: 47406,10.389,Issued
Issue,CERT: 62568,10.361,Issued
Issue,CERT: 78937,10.290,Issued
Issue,CERT: 87053,10.314,Issued
Issue,CERT: 3017,10.395,Issued
Issue,CERT: 85470,10.456,Issued
Issue,CERT: 99180,10.146,Issued
Issue,CERT: 18033,10.204,Issued
Issue,CERT: 4762,10.291,Issued
Issue,CERT: 37158,10.462,Issued
Issue,CERT: 37999,10.389,Issued
Issue,CERT: 23938,10.363,Issued
Issue,CERT: 49182,10.375,Issued
Issue,CERT: 99143,10.319,Issued
Issue,CERT: 60793,10.453,Issued
Issue,CERT: 20080,10.392,Issued
Issue,CERT: 36349,10.391,Issued
Issue,CERT: 49430,10.354,Issued
Issue,CERT: 8760,10.134,Issued
Issue,CERT: 11139,10.343,Issued
Issue,CERT: 55022,10.322,Issued
Issue,CERT: 74739,10.345,Issued
Issue,CERT: 42400,10.236,Issued
Issue,CERT: 13816,10.444,Issued
Issue,CERT: 70255,10.454,Issued
Issue,CERT: 3401,10.179,Issued
Issue,CERT: 14847,10.467,Issued
Issue,CERT: 54651,10.387,Issued
Issue,CERT: 18422,10.262,Issued
Issue,CERT: 61170,10.376,Issued
Issue,CERT: 11682,10.379,Issued
Issue,CERT: 27896,10.344,Issued
Issue,CERT: 87031,10.383,Issued
Issue,CERT: 76704,10.328,Issued
Issue,CERT: 81293,10.347,Issued
Issue,CERT: 32732,10.341,Issued
Issue,CERT: 95613,10.333,Issued
Issue,CERT: 52271,10.410,Issued
Issue,CERT: 36871,10.314,Issued
Issue,CERT: 61069,10.443,Issued
Issue,CERT: 97684,10.401,Issued
Issue,CERT: 30574,10.410,Issued
Issue,CERT: 11609,10.503,Issued
Issue,CERT: 31114,10.261,Issued
Issue,CERT: 88480,10.453,Issued
Issue,CERT: 3123,10.473,Issued
Issue,CERT: 50375,10.259,Issued
Issue,CERT: 25539,10.579,Issued
Issue,CERT: 30747,10.626,Issued
Issue,CERT: 52728,10.343,Issued
Issue,CERT: 61677,10.584,Issued
Issue,CERT: 31298,10.465,Issued
Issue,CERT: 71586,10.509,Issued
Issue,CERT: 67544,10.240,Issued
Issue,CERT: 75335,10.507,Issued
Issue,CERT: 18420,10.349,Issued
Issue,CERT: 40423,10.387,Issued
Issue,CERT: 91486,10.359,Issued
Issue,CERT: 64171,10.437,Issued
Issue,CERT: 190,10.468,Issued
Issue,CERT: 61902,10.455,Issued
Issue,CERT: 9778,10.528,Issued
Issue,CERT: 4493,10.373,Issued
Issue,CERT: 19103,10.213,Issued
Issue,CERT: 31789,10.521,Issued
Issue,CERT: 68329,10.380,Issued
Issue,CERT: 39530,10.280,Issued
Issue,CERT: 56481,10.392,Issued
Issue,CERT: 84163,10.520,Issued
Issue,CERT: 17852,10.525,Issued
Issue,CERT: 90444,10.373,Issued
Issue,CERT: 9497,10.520,Issued
Issue,CERT: 68335,10.459,Issued
Issue,CERT: 22943,10.345,Issued
Issue,CERT: 13382,10.280,Issued
Issue,CERT: 79265,10.457,Issued
Issue,CERT: 47691,10.362,Issued
Issue,CERT: 59110,10.591,Issued
Issue,CERT: 47730,10.446,Issued
Issue,CERT: 47983,10.311,Issued
Issue,CERT: 31628,10.405,Issued
Issue,CERT: 35359,10.433,Issued
Issue,CERT: 53067,10.482,Issued
Issue,CERT: 45687,10.090,Issued
Issue,CERT: 34132,10.444,Issued
Issue,CERT: 42397,10.490,Issued
Issue,CERT: 89797,10.317,Issued
Issue,CERT: 37130,10.271,Issued
Issue,CERT: 4244,10.275,Issued
Issue,CERT: 87495,10.449,Issued
Issue,CERT: 7561,10.486,Issued
Issue,CERT: 60954,10.438,Issued
Issue,CERT: 59494,10.559,Issued
Issue,CERT: 66571,10.344,Issued
Issue,CERT: 77695,10.498,Issued
Issue,CERT: 37954,10.452,Issued
Issue,CERT: 2629,10.495,Issued
Issue,CERT: 21115,10.518,Issued
Issue,CERT: 49759,10.313,Issued
Issue,CERT: 84451,10.535,Issued
Issue,CERT: 41735,10.450,Issued
Issue,CERT: 28816,10.560,Issued
Issue,CERT: 75936,10.442,Issued
Issue,CERT: 34281,10.290,Issued
Issue,CERT: 4903,10.454,Issued
Issue,CERT: 14134,10.339,Issued
Issue,CERT: 63145,10.148,Issued
Issue,CERT: 63490,10.468,Issued
Issue,CERT: 51135,10.485,Issued
Issue,CERT: 62288,10.564,Issued
Issue,CERT: 37663,10.467,Issued
Issue,CERT: 35907,10.537,Issued
Issue,CERT: 46727,10.503,Issued
Issue,CERT: 49621,10.434,Issued
Issue,CERT: 43346,10.429,Issued
Issue,CERT: 72676,10.431,Issued
Issue,CERT: 26611,10.439,Issued
Issue,CERT: 80570,10.514,Issued
Issue,CERT: 52513,10.392,Issued
Issue,CERT: 7427,10.304,Issued
Issue,CERT: 89714,10.554,Issued
Issue,CERT: 53328,10.112,Issued
Issue,CERT: 98193,10.405,Issued
Issue,CERT: 2160,10.507,Issued
Issue,CERT: 64580,10.483,Issued
Issue,CERT: 74313,10.360,Issued
Issue,CERT: 13491,10.229,Issued
Issue,CERT: 19223,10.306,Issued
Issue,CERT: 79817,10.703,Issued
Issue,CERT: 37125,10.386,Issued
Issue,CERT: 36161,10.358,Issued
Issue,CERT: 6290,10.495,Issued
Issue,CERT: 69807,10.442,Issued
Issue,CERT: 82426,10.447,Issued
Issue,CERT: 75364,10.489,Issued
Issue,CERT: 18110,10.401,Issued
Issue,CERT: 28905,10.087,Issued
Issue,CERT: 42131,10.365,Issued
Issue,CERT: 83643,10.557,Issued
Issue,CERT: 52809,10.340,Issued
Issue,CERT: 19336,10.504,Issued
Issue,CERT: 37479,10.514,Issued
Issue,CERT: 5898,10.482,Issued
Issue,CERT: 26371,10.418,Issued
Issue,CERT: 94624,10.516,Issued
Issue,CERT: 45327,10.440,Issued
Issue,CERT: 6896,10.430,Issued
Issue,CERT: 35262,10.408,Issued
Issue,CERT: 15756,10.451,Issued
Issue,CERT: 31547,10.214,Issued
Issue,CERT: 49944,10.478,Issued
Issue,CERT: 74294,10.520,Issued
Issue,CERT: 85613,10.199,Issued
Issue,CERT: 72353,10.376,Issued
Issue,CERT: 18106,10.356,Issued
Issue,CERT: 47595,10.489,Issued
Issue,CERT: 61025,10.475,Issued
Issue,CERT: 52909,10.389,Issued
Issue,CERT: 74320,10.445,Issued
Issue,CERT: 15150,10.544,Issued
Issue,CERT: 69566,10.424,Issued
Issue,CERT: 34024,10.443,Issued
Issue,CERT: 22745,10.094,Issued
Issue,CERT: 80039,10.519,Issued
Issue,CERT: 93732,10.429,Issued
Issue,CERT: 80113,10.423,Issued
Issue,CERT: 40393,10.458,Issued
Issue,CERT: 35278,10.494,Issued
Issue,CERT: 97599,10.354,Issued
Issue,CERT: 10261,10.541,Issued
Issue,CERT: 95707,10.186,Issued
Issue,CERT: 50522,10.536,Issued
Issue,CERT: 33562,10.446,Issued
Issue,CERT: 6932,10.493,Issued
Issue,CERT: 59818,10.350,Issued
Issue,CERT: 66220,10.472,Issued
Issue,CERT: 75466,10.493,Issued
Issue,CERT: 76999,10.530,Issued
Issue,CERT: 66714,10.330,Issued
Issue,CERT: 61532,10.411,Issued
Issue,CERT: 95041,10.489,Issued
Issue,CERT: 83269,10.434,Issued
Issue,CERT: 37665,10.072,Issued
Issue,CERT: 920,10.506,Issued
Issue,CERT: 80494,10.322,Issued
Issue,CERT: 26826,10.441,Issued
Issue,CERT: 95729,10.412,Issued
Issue,CERT: 45335,10.614,Issued
Issue,CERT: 50846,10.143,Issued
Issue,CERT: 23073,10.470,Issued
Issue,CERT: 260,10.480,Issued
Issue,CERT: 30004,10.488,Issued
Issue,CERT: 5140,10.162,Issued
Issue,CERT: 48426,10.474,Issued
Issue,CERT: 34794,10.493,Issued
Issue,CERT: 7578,10.429,Issued
Issue,CERT: 7755,10.465,Issued
Issue,CERT: 19580,10.575,Issued
Issue,CERT: 58730,10.408,Issued
Issue,CERT: 14992,10.434,Issued
Issue,CERT: 57999,10.431,Issued
Issue,CERT: 92968,10.360,Issued
Issue,CERT: 42958,10.396,Issued
Issue,CERT: 7187,10.301,Issued
Issue,CERT: 51208,10.414,Issued
Issue,CERT: 87790,10.478,Issued
Issue,CERT: 49780,10.087,Issued
Issue,CERT: 3705,10.583,Issued
Issue,CERT: 28198,10.599,Issued
Issue,CERT: 22754,10.451,Issued
Issue,CERT: 20638,10.434,Issued
Issue,CERT: 95984,10.532,Issued
Issue,CERT: 91023,10.480,Issued
Issue,CERT: 891,10.575,Issued
Issue,CERT: 73990,10.570,Issued
Issue,CERT: 76082,10.476,Issued
Issue,CERT: 3974,10.283,Issued
Issue,CERT: 9623,10.458,Issued
Issue,CERT: 37590,10.494,Issued
Issue,CERT: 21772,10.367,Issued
Issue,CERT: 75409,10.467,Issued
Issue,CERT: 1033,10.390,Issued
Issue,CERT: 25253,10.400,Issued
Issue,CERT: 48431,10.435,Issued
Issue,CERT: 61795,10.180,Issued
Issue,CERT: 50735,10.473,Issued
Issue,CERT: 68939,10.411,Issued
Issue,CERT: 2536,10.478,Issued
Issue,CERT: 85536,10.411,Issued
Issue,CERT: 33852,10.314,Issued
Issue,CERT: 94464,10.505,Issued
Issue,CERT: 4506,10.461,Issued
Issue,CERT: 60915,10.333,Issued
Issue,CERT: 99742,10.460,Issued
Issue,CERT: 73859,10.513,Issued
Issue,CERT: 33442,10.367,Issued
Issue,CERT: 7465,10.388,Issued
Issue,CERT: 19788,10.386,Issued
Issue,CERT: 98010,10.446,Issued
Issue,CERT: 50133,10.501,Issued
Issue,CERT: 37964,10.521,Issued
Issue,CERT: 82068,10.297,Issued
Issue,CERT: 32580,10.478,Issued
Issue,CERT: 24003,10.408,Issued
Issue,CERT: 74517,10.536,Issued
Issue,CERT: 876,10.424,Issued
Issue,CERT: 31556,10.394,Issued
Issue,CERT: 67922,10.488,Issued
Issue,CERT: 98002,10.362,Issued
Issue,CERT: 6222,10.477,Issued
Issue,CERT: 42646,10.545,Issued
Issue,CERT: 9054,10.225,Issued
Issue,CERT: 88183,10.300,Issued
Issue,CERT: 1861,10.504,Issued
Issue,CERT: 24938,10.451,Issued
Issue,CERT: 59658,10.403,Issued
Issue,CERT: 89439,10.546,Issued
Issue,CERT: 5252,10.282,Issued
Issue,CERT: 70351,10.439,Issued
Issue,CERT: 53987,10.368,Issued
Issue,CERT: 58235,10.490,Issued
Issue,CERT: 21932,10.382,Issued
Issue,CERT: 47246,10.482,Issued
Issue,CERT: 41746,10.416,Issued
Issue,CERT: 75253,10.386,Issued
Issue,CERT: 38125,10.411,Issued
Issue,CERT: 51165,10.555,Issued
Issue,CERT: 67782,10.443,Issued
Issue,CERT: 46402,10.571,Issued
Issue,CERT: 4200,10.299,Issued
Issue,CERT: 49991,10.576,Issued
Issue,CERT: 14513,10.582,Issued
Issue,CERT: 22339,10.516,Issued
Issue,CERT: 96536,10.254,Issued
Issue,CERT: 21440,10.529,Issued
Issue,CERT: 62956,10.104,Issued
Issue,CERT: 2618,10.309,Issued
Issue,CERT: 7221,10.508,Issued
Issue,CERT: 89848,10.422,Issued
Issue,CERT: 94308,10.536,Issued
Issue,CERT: 38762,10.501,Issued
Issue,CERT: 41523,10.385,Issued
Issue,CERT: 47599,10.484,Issued
Issue,CERT: 72996,10.384,Issued
Issue,CERT: 92868,10.608,Issued
Issue,CERT: 97349,10.333,Issued
Issue,CERT: 5485,10.487,Issued
Issue,CERT: 69739,10.452,Issued
Issue,CERT: 5162,10.447,Issued
Issue,CERT: 69002,10.221,Issued
Issue,CERT: 35714,10.430,Issued
Issue,CERT: 51058,10.424,Issued
Issue,CERT: 86898,10.189,Issued
Issue,CERT: 84493,10.279,Issued
Issue,CERT: 96472,10.334,Issued
Issue,CERT: 71561,10.414,Issued
Issue,CERT: 73288,10.472,Issued
Issue,CERT: 45760,10.360,Issued
Issue,CERT: 37204,10.272,Issued
Issue,CERT: 45563,10.187,Issued
Issue,CERT: 32405,10.335,Issued
Issue,CERT: 17912,10.317,Issued
Issue,CERT: 5199,10.316,Issued
Issue,CERT: 42628,10.324,Issued
Issue,CERT: 61909,10.459,Issued
Issue,CERT: 35590,10.400,Issued
Issue,CERT: 45451,10.493,Issued
Issue,CERT: 34884,10.466,Issued
Issue,CERT: 5631,10.462,Issued
Issue,CERT: 42282,10.206,Issued
Issue,CERT: 25935,10.491,Issued
Issue,CERT: 65445,10.484,Issued
Issue,CERT: 41695,10.406,Issued
Issue,CERT: 22674,10.485,Issued
Issue,CERT: 10044,10.385,Issued
Issue,CERT: 4781,10.403,Issued
Issue,CERT: 11689,10.294,Issued
Issue,CERT: 3014,10.548,Issued
Issue,CERT: 87618,10.470,Issued
Issue,CERT: 96586,10.292,Issued
Issue,CERT: 16850,10.376,Issued
Issue,CERT: 16627,10.171,Issued
Issue,CERT: 63844,10.429,Issued
Issue,CERT: 34842,10.756,Issued
Issue,CERT: 34520,10.409,Issued
Issue,CERT: 61000,10.564,Issued
Issue,CERT: 49610,10.488,Issued
Issue,CERT: 90217,10.383,Issued
Issue,CERT: 17783,10.233,Issued
Issue,CERT: 68263,10.144,Issued
Issue,CERT: 18089,10.378,Issued
Issue,CERT: 81796,10.360,Issued
Issue,CERT: 85983,10.379,Issued
Issue,CERT: 11371,10.372,Issued
Issue,CERT: 26768,10.131,Issued
Issue,CERT: 37552,10.494,Issued
Issue,CERT: 75893,10.464,Issued
Issue,CERT: 16872,10.422,Issued
Issue,CERT: 76542,10.362,Issued
Issue,CERT: 49275,10.437,Issued
Issue,CERT: 93786,10.384,Issued
Issue,CERT: 73602,10.236,Issued
Issue,CERT: 66034,10.404,Issued
Issue,CERT: 98192,10.347,Issued
Issue,CERT: 56125,10.283,Issued
Issue,CERT: 89492,10.401,Issued
Issue,CERT: 61899,10.403,Issued
Issue,CERT: 44217,10.437,Issued
Issue,CERT: 45914,10.144,Issued
Issue,CERT: 75692,10.483,Issued
Issue,CERT: 42495,10.493,Issued
Issue,CERT: 17086,10.408,Issued
Issue,CERT: 83956,10.389,Issued
Issue,CERT: 19497,10.445,Issued
Issue,CERT: 38485,10.433,Issued
Issue,CERT: 97167,10.603,Issued
Issue,CERT: 48994,10.476,Issued
Issue,CERT: 43324,10.376,Issued
Issue,CERT: 93316,10.552,Issued
Issue,CERT: 78497,10.228,Issued
Issue,CERT: 38870,10.322,Issued
Issue,CERT: 71460,10.451,Issued
Issue,CERT: 6291,10.422,Issued
Issue,CERT: 59991,10.442,Issued
Issue,CERT: 22720,10.499,Issued
Issue,CERT: 88446,10.326,Issued
Issue,CERT: 7235,10.492,Issued
Issue,CERT: 27352,10.383,Issued
Issue,CERT: 86867,10.378,Issued
Issue,CERT: 61244,10.124,Issued
Issue,CERT: 57780,10.478,Issued
Issue,CERT: 91657,10.464,Issued
Issue,CERT: 73941,10.149,Issued
Issue,CERT: 84842,10.427,Issued
Issue,CERT: 48863,10.315,Issued
Issue,CERT: 88788,10.266,Issued
Issue,CERT: 26090,10.244,Issued
Issue,CERT: 6281,10.417,Issued
Issue,CERT: 73779,10.471,Issued
Issue,CERT: 28077,10.208,Issued
Issue,CERT: 95674,10.552,Issued
Issue,CERT: 2160,10.426,Issued
Issue,CERT: 57028,10.496,Issued
Issue,CERT: 64755,10.459,Issued
Issue,CERT: 62924,10.407,Issued
Issue,CERT: 73017,10.341,Issued
Issue,CERT: 17611,10.357,Issued
Issue,CERT: 27109,10.377,Issued
Issue,CERT: 4336,10.517,Issued
Issue,CERT: 76021,10.403,Issued
Issue,CERT: 93546,10.557,Issued
Issue,CERT: 24261,10.417,Issued
Issue,CERT: 11534,10.105,Issued
Issue,CERT: 17625,10.118,Issued
Issue,CERT: 27318,10.444,Issued
Issue,CERT: 81954,10.389,Issued
Issue,CERT: 72044,10.426,Issued
Issue,CERT: 50542,10.499,Issued
Issue,CERT: 17421,10.354,Issued
Issue,CERT: 31263,10.302,Issued
Issue,CERT: 87568,10.449,Issued
Issue,CERT: 30155,10.375,Issued
Issue,CERT: 16311,10.360,Issued
Issue,CERT: 85510,10.301,Issued
Issue,CERT: 2832,10.280,Issued
Issue,CERT: 99393,10.362,Issued
Issue,CERT: 39812,10.427,Issued
Issue,CERT: 87919,10.437,Issued
Issue,CERT: 66249,10.343,Issued
Issue,CERT: 68460,10.126,Issued
Issue,CERT: 74266,10.354,Issued
Issue,CERT: 94794,10.397,Issued
Issue,CERT: 54391,10.390,Issued
Issue,CERT: 18182,10.365,Issued
Issue,CERT: 73497,10.349,Issued
Issue,CERT: 30545,10.459,Issued
Issue,CERT: 18580,10.318,Issued
Issue,CERT: 82260,10.476,Issued
Issue,CERT: 79966,10.459,Issued
Issue,CERT: 71677,10.526,Issued
Issue,CERT: 10235,10.286,Issued
Issue,CERT: 64089,10.406,Issued
Issue,CERT: 86643,10.454,Issued
Issue,CERT: 32001,10.495,Issued
Issue,CERT: 2289,10.365,Issued
Issue,CERT: 98844,10.526,Issued
Issue,CERT: 37857,10.357,Issued
Issue,CERT: 19958,10.054,Issued
Issue,CERT: 48184,10.344,Issued
Issue,CERT: 17749,10.516,Issued
Issue,CERT: 24472,10.348,Issued
Issue,CERT: 98819,10.456,Issued
Issue,CERT: 76548,10.380,Issued
Issue,CERT: 71985,10.339,Issued
Issue,CERT: 13788,10.376,Issued
Issue,CERT: 84264,10.475,Issued
Issue,CERT: 45164,10.525,Issued
Issue,CERT: 32419,10.571,Issued
Issue,CERT: 74503,10.244,Issued
Issue,CERT: 56354,10.601,Issued
Issue,CERT: 49816,10.480,Issued
Issue,CERT: 671,10.117,Issued
Issue,CERT: 84239,10.125,Issued
Issue,CERT: 56314,10.594,Issued
Issue,CERT: 86866,10.333,Issued
Issue,CERT: 7243,10.312,Issued
Issue,CERT: 45264,10.418,Issued
Issue,CERT: 27570,10.540,Issued
Issue,CERT: 54830,10.213,Issued
Issue,CERT: 43092,10.503,Issued
Issue,CERT: 38440,10.471,Issued
Issue,CERT: 39374,10.439,Issued
Issue,CERT: 60170,10.503,Issued
Issue,CERT: 87522,10.505,Issued
Issue,CERT: 42842,10.365,Issued
Issue,CERT: 96764,10.434,Issued
Issue,CERT: 44139,10.431,Issued
Issue,CERT: 34444,10.554,Issued
Issue,CERT: 89908,10.513,Issued
Issue,CERT: 40386,10.470,Issued
Issue,CERT: 13019,10.572,Issued
Issue,CERT: 14770,10.286,Issued
Issue,CERT: 91321,10.660,Issued
Issue,CERT: 49296,10.409,Issued
Issue,CERT: 41977,10.370,Issued
Issue,CERT: 69739,10.168,Issued
Issue,CERT: 45709,10.427,Issued
Issue,CERT: 73003,10.177,Issued
Issue,CERT: 77596,10.198,Issued
Issue,CERT: 87781,10.577,Issued
Issue,CERT: 27433,10.486,Issued
Issue,CERT: 96128,10.364,Issued
Issue,CERT: 87923,10.456,Issued
Issue,CERT: 91874,10.572,Issued
Issue,CERT: 15038,10.336,Issued
Issue,CERT: 48277,10.479,Issued
Issue,CERT: 38037,10.490,Issued
Issue,CERT: 52510,10.189,Issued
Issue,CERT: 65221,10.493,Issued
Issue,CERT: 28465,10.565,Issued
Issue,CERT: 28798,10.527,Issued
Issue,CERT: 60275,10.285,Issued
Issue,CERT: 25873,10.134,Issued
Issue,CERT: 29248,10.604,Issued
Issue,CERT: 85932,10.200,Issued
Issue,CERT: 36487,10.518,Issued
Issue,CERT: 74383,10.438,Issued
Issue,CERT: 65473,10.506,Issued
Issue,CERT: 87764,10.627,Issued
Issue,CERT: 28712,10.401,Issued
Issue,CERT: 33239,10.367,Issued
Issue,CERT: 22465,10.374,Issued
Issue,CERT: 92525,10.518,Issued
Issue,CERT: 94451,10.424,Issued
Issue,CERT: 41650,10.413,Issued
Issue,CERT: 81704,10.428,Issued
Issue,CERT: 57669,10.183,Issued
Issue,CERT: 42974,10.407,Issued
Issue,CERT: 61223,10.483,Issued
Issue,CERT: 46879,10.403,Issued
Issue,CERT: 84828,10.416,Issued
Issue,CERT: 43296,10.452,Issued
Issue,CERT: 11224,10.471,Issued
Issue,CERT: 59729,10.397,Issued
Issue,CERT: 8444,10.397,Issued
Issue,CERT: 35588,10.428,Issued
Issue,CERT: 51888,10.234,Issued
Issue,CERT: 89469,10.047,Issued
Issue,CERT: 94577,10.444,Issued
Issue,CERT: 69362,10.465,Issued
Issue,CERT: 88689,10.559,Issued
Issue,CERT: 21494,10.479,Issued
Issue,CERT: 37461,10.380,Issued
Issue,CERT: 92484,10.503,Issued
Issue,CERT: 25251,10.113,Issued
Issue,CERT: 99402,10.410,Issued
Issue,CERT: 4296,10.218,Issued
Issue,CERT: 47643,10.452,Issued
Issue,CERT: 60823,10.371,Issued
Issue,CERT: 87519,10.170,Issued
Issue,CERT: 79519,10.616,Issued
Issue,CERT: 99706,10.228,Issued
Issue,CERT: 10388,10.476,Issued
Issue,CERT: 74897,10.511,Issued
Issue,CERT: 16293,10.477,Issued
Issue,CERT: 22086,10.439,Issued
Issue,CERT: 47188,10.230,Issued
Issue,CERT: 62691,10.436,Issued
Issue,CERT: 23517,10.541,Issued
Issue,CERT: 17558,10.453,Issued
Issue,CERT: 74965,10.497,Issued
Issue,CERT: 54894,10.343,Issued
Issue,CERT: 1969,10.538,Issued
Issue,CERT: 36757,10.391,Issued
Issue,CERT: 66935,10.472,Issued
Issue,CERT: 53156,10.581,Issued
Issue,CERT: 91828,10.297,Issued
Issue,CERT: 96676,10.470,Issued
Issue,CERT: 85455,10.385,Issued
Issue,CERT: 95794,10.543,Issued
Issue,CERT: 66570,10.545,Issued
Issue,CERT: 90613,10.389,Issued
Issue,CERT: 51617,10.523,Issued
Issue,CERT: 85928,10.404,Issued
Issue,CERT: 16336,10.570,Issued
Issue,CERT: 46643,10.401,Issued
Issue,CERT: 79505,10.234,Issued
Issue,CERT: 35908,10.231,Issued
Issue,CERT: 13028,10.374,Issued
Issue,CERT: 88121,10.467,Issued
Issue,CERT: 84907,10.519,Issued
Issue,CERT: 65813,10.286,Issued
Issue,CERT: 48747,10.542,Issued
Issue,CERT: 71403,10.449,Issued
Issue,CERT: 16997,10.470,Issued
Issue,CERT: 43789,10.361,Issued
Issue,CERT: 41020,10.323,Issued
Issue,CERT: 67000,10.112,Issued
Issue,CERT: 38300,10.495,Issued
Issue,CERT: 41754,10.372,Issued
Issue,CERT: 30282,10.274,Issued
Issue,CERT: 72417,10.164,Issued
Issue,CERT: 44724,10.419,Issued
Issue,CERT: 89147,10.473,Issued
Issue,CERT: 23902,10.527,Issued
Issue,CERT: 65772,10.261,Issued
Issue,CERT: 78992,10.429,Issued
Issue,CERT: 99257,10.414,Issued
Issue,CERT: 86655,10.494,Issued
Issue,CERT: 54922,10.482,Issued
Issue,CERT: 1205,10.225,Issued
Issue,CERT: 29753,10.360,Issued
Issue,CERT: 66626,10.487,Issued
Issue,CERT: 63372,10.600,Issued
Issue,CERT: 21067,10.237,Issued
Issue,CERT: 27139,10.373,Issued
Issue,CERT: 75567,10.519,Issued
Issue,CERT: 40731,10.400,Issued
Issue,CERT: 8074,10.474,Issued
Issue,CERT: 73111,10.665,Issued
Issue,CERT: 90252,10.160,Issued
Issue,CERT: 83582,10.608,Issued
Issue,CERT: 68878,10.374,Issued
Issue,CERT: 37984,10.515,Issued
Issue,CERT: 39310,10.648,Issued
Issue,CERT: 34655,10.254,Issued
Issue,CERT: 59,10.391,Issued
Issue,CERT: 31524,10.482,Issued
Issue,CERT: 15903,10.423,Issued
Issue,CERT: 46618,10.191,Issued
Issue,CERT: 69800,10.522,Issued
Issue,CERT: 38122,10.226,Issued
Issue,CERT: 63520,10.392,Issued
Issue,CERT: 94181,10.107,Issued
Issue,CERT: 3600,10.376,Issued
Issue,CERT: 82260,10.247,Issued
Issue,CERT: 4906,10.416,Issued
Issue,CERT: 37716,10.377,Issued
Issue,CERT: 17403,10.497,Issued
Issue,CERT: 98571,10.462,Issued
Issue,CERT: 24861,10.363,Issued
Issue,CERT: 33091,10.422,Issued
Issue,CERT: 40259,10.503,Issued
Issue,CERT: 24133,10.390,Issued
Issue,CERT: 54547,10.509,Issued
Issue,CERT: 82785,10.503,Issued
Issue,CERT: 10527,10.442,Issued
Issue,CERT: 50803,10.475,Issued
Issue,CERT: 87796,10.366,Issued
Issue,CERT: 11168,10.478,Issued
Issue,CERT: 5485,10.401,Issued
Issue,CERT: 97755,10.447,Issued
Issue,CERT: 23647,10.399,Issued
Issue,CERT: 19599,10.377,Issued
Issue,CERT: 25852,10.547,Issued
Issue,CERT: 11707,10.454,Issued
Issue,CERT: 73589,10.406,Issued
Issue,CERT: 13750,10.419,Issued
Issue,CERT: 98620,10.508,Issued
Issue,CERT: 84015,10.626,Issued
Issue,CERT: 38234,10.271,Issued
Issue,CERT: 14761,10.416,Issued
Issue,CERT: 8596,10.443,Issued
Issue,CERT: 81870,10.368,Issued
Issue,CERT: 31756,10.434,Issued
Issue,CERT: 21944,10.458,Issued
Issue,CERT: 45510,10.553,Issued
Issue,CERT: 40493,10.442,Issued
Issue,CERT: 97878,10.069,Issued
Issue,CERT: 17492,10.263,Issued
Issue,CERT: 34315,10.500,Issued
Issue,CERT: 97571,10.467,Issued
Issue,CERT: 98426,10.462,Issued
Issue,CERT: 74017,10.501,Issued
Issue,CERT: 81895,10.274,Issued
Issue,CERT: 29517,10.422,Issued
Issue,CERT: 99218,10.477,Issued
Issue,CERT: 53081,10.581,Issued
Issue,CERT: 58867,10.243,Issued
Issue,CERT: 1868,10.343,Issued
Issue,CERT: 85990,10.452,Issued
Issue,CERT: 19261,10.459,Issued
Issue,CERT: 11511,10.312,Issued
Issue,CERT: 98351,10.511,Issued
Issue,CERT: 27049,10.489,Issued
Issue,CERT: 1736,10.385,Issued
Issue,CERT: 37214,10.423,Issued
Issue,CERT: 49538,10.290,Issued
Issue,CERT: 45313,10.533,Issued
Issue,CERT: 3395,10.495,Issued
Issue,CERT: 68066,10.366,Issued
Issue,CERT: 60246,10.490,Issued
Issue,CERT: 39332,10.394,Issued
Issue,CERT: 32277,10.509,Issued
Issue,CERT: 37214,10.415,Issued
Issue,CERT: 41920,10.786,Issued
Issue,CERT: 23308,10.409,Issued
Issue,CERT: 57759,10.456,Issued
Issue,CERT: 19159,10.438,Issued
Issue,CERT: 65076,10.406,Issued
Issue,CERT: 21268,10.510,Issued
Issue,CERT: 14163,10.520,Issued
Issue,CERT: 92325,10.526,Issued
Issue,CERT: 74157,10.318,Issued
Issue,CERT: 22221,10.601,Issued
Issue,CERT: 23312,10.268,Issued
Issue,CERT: 75499,10.470,Issued
Issue,CERT: 92128,10.548,Issued
Issue,CERT: 26871,10.442,Issued
Issue,CERT: 47107,10.478,Issued
Issue,CERT: 6501,10.323,Issued
Issue,CERT: 73303,10.483,Issued
Issue,CERT: 89719,10.554,Issued
Issue,CERT: 82692,10.533,Issued
Issue,CERT: 16631,10.382,Issued
Issue,CERT: 36716,10.619,Issued
Issue,CERT: 13327,10.486,Issued
Issue,CERT: 22447,10.340,Issued
Issue,CERT: 8873,10.365,Issued
Issue,CERT: 82935,10.500,Issued
Issue,CERT: 11586,10.503,Issued
Issue,CERT: 98264,10.491,Issued
Issue,CERT: 58286,10.456,Issued
Issue,CERT: 22055,10.273,Issued
Issue,CERT: 22205,10.114,Issued
Issue,CERT: 44421,10.592,Issued
Issue,CERT: 6397,10.102,Issued
Issue,CERT: 37153,10.466,Issued
Issue,CERT: 6920,10.483,Issued
Issue,CERT: 53967,10.584,Issued
Issue,CERT: 46408,10.495,Issued
Issue,CERT: 73562,10.480,Issued
Issue,CERT: 17262,10.625,Issued
Issue,CERT: 36316,10.475,Issued
Issue,CERT: 71171,10.337,Issued
Issue,CERT: 86297,10.507,Issued
Issue,CERT: 64373,10.463,Issued
Issue,CERT: 16069,10.606,Issued
Issue,CERT: 47575,10.430,Issued
Issue,CERT: 4256,10.544,Issued
Issue,CERT: 27752,10.448,Issued
Issue,CERT: 24811,10.417,Issued
Issue,CERT: 92779,10.335,Issued
Issue,CERT: 52368,10.508,Issued
Issue,CERT: 2253,10.357,Issued
Issue,CERT: 84857,10.074,Issued
Issue,CERT: 93845,10.331,Issued
Issue,CERT: 93386,10.540,Issued
Issue,CERT: 59671,10.407,Issued
Issue,CERT: 66736,10.525,Issued
Issue,CERT: 83855,10.485,Issued
Issue,CERT: 76500,10.374,Issued
Issue,CERT: 10142,10.642,Issued
Issue,CERT: 31984,10.258,Issued
Issue,CERT: 80758,10.524,Issued
Issue,CERT: 30539,10.549,Issued
Issue,CERT: 40120,10.292,Issued
Issue,CERT: 90916,10.519,Issued
Issue,CERT: 3382,10.525,Issued
Issue,CERT: 29225,10.458,Issued
Issue,CERT: 72384,10.488,Issued
Issue,CERT: 6582,10.497,Issued
Issue,CERT: 82530,10.593,Issued
Issue,CERT: 17374,10.390,Issued
Issue,CERT: 4086,10.463,Issued
Issue,CERT: 44419,10.504,Issued
Issue,CERT: 6672,10.371,Issued
Issue,CERT: 70613,10.432,Issued
Issue,CERT: 89452,10.371,Issued
Issue,CERT: 40574,10.597,Issued
Issue,CERT: 34261,10.399,Issued
Issue,CERT: 14746,10.527,Issued
Issue,CERT: 25910,10.301,Issued
Issue,CERT: 26747,10.440,Issued
Issue,CERT: 82946,10.276,Issued
Issue,CERT: 3037,10.491,Issued
Issue,CERT: 85012,10.584,Issued
Issue,CERT: 71731,10.406,Issued
Issue,CERT: 57807,10.404,Issued
Issue,CERT: 81889,10.184,Issued
Issue,CERT: 49195,10.452,Issued
Issue,CERT: 12815,10.270,Issued
Issue,CERT: 70273,10.521,Issued
Issue,CERT: 68847,10.453,Issued
Issue,CERT: 84330,10.505,Issued
Issue,CERT: 79994,10.461,Issued
Issue,CERT: 21496,10.476,Issued
Issue,CERT: 63260,10.613,Issued
Issue,CERT: 23043,10.407,Issued
Issue,CERT: 55689,10.549,Issued
Issue,CERT: 67324,10.499,Issued
Issue,CERT: 13544,10.258,Issued
Issue,CERT: 17880,10.583,Issued
Issue,CERT: 43180,10.528,Issued
Issue,CERT: 82626,10.590,Issued
Issue,CERT: 75369,10.502,Issued
Issue,CERT: 47933,10.353,Issued
Issue,CERT: 79275,10.531,Issued
Issue,CERT: 91207,10.370,Issued
Issue,CERT: 44253,10.343,Issued
Issue,CERT: 43811,10.504,Issued
Issue,CERT: 9280,10.454,Issued
Issue,CERT: 91349,10.506,Issued
Issue,CERT: 54650,10.474,Issued
Issue,CERT: 49668,10.509,Issued
Issue,CERT: 63513,10.459,Issued
Issue,CERT: 19854,10.552,Issued
Issue,CERT: 69180,10.423,Issued
Issue,CERT: 50336,10.266,Issued
Issue,CERT: 70810,10.507,Issued
Issue,CERT: 63855,10.110,Issued
Issue,CERT: 97839,10.530,Issued
Issue,CERT: 61997,10.359,Issued
Issue,CERT: 59004,10.510,Issued
Issue,CERT: 56646,10.324,Issued
Issue,CERT: 74478,10.271,Issued
Issue,CERT: 83670,10.298,Issued
Issue,CERT: 15122,10.223,Issued
Issue,CERT: 78438,10.458,Issued
Issue,CERT: 15947,10.209,Issued
Issue,CERT: 99090,10.143,Issued
Issue,CERT: 70423,10.283,Issued
Issue,CERT: 81434,10.222,Issued
Issue,CERT: 9369,10.194,Issued
Issue,CERT: 46880,10.111,Issued
Issue,CERT: 54722,10.450,Issued
Issue,CERT: 95314,10.415,Issued
Issue,CERT: 50928,10.193,Issued
Issue,CERT: 72334,10.523,Issued
Issue,CERT: 55525,10.133,Issued
Issue,CERT: 87682,10.180,Issued
Issue,CERT: 99193,10.271,Issued
Issue,CERT: 92119,10.280,Issued
Issue,CERT: 73385,10.427,Issued
Issue,CERT: 48585,10.509,Issued
Issue,CERT: 58528,10.536,Issued
Issue,CERT: 74123,10.210,Issued
Issue,CERT: 229,10.594,Issued
Issue,CERT: 25917,10.432,Issued
Issue,CERT: 60157,10.502,Issued
Issue,CERT: 75032,10.331,Issued
Issue,CERT: 67982,10.460,Issued
Issue,CERT: 37552,10.431,Issued
Issue,CERT: 42181,10.392,Issued
Issue,CERT: 40608,10.475,Issued
Issue,CERT: 56262,10.457,Issued
Issue,CERT: 68093,10.433,Issued
Issue,CERT: 16616,10.463,Issued
Issue,CERT: 1765,10.547,Issued
Issue,CERT: 25886,10.325,Issued
Issue,CERT: 59136,10.792,Issued
Issue,CERT: 42932,10.073,Issued
Issue,CERT: 81078,10.155,Issued
Issue,CERT: 67481,10.165,Issued
Issue,CERT: 28346,10.357,Issued
Issue,CERT: 30750,10.272,Issued
Issue,CERT: 44550,10.552,Issued
Issue,CERT: 41630,10.594,Issued
Issue,CERT: 80956,10.368,Issued
Issue,CERT: 86914,10.590,Issued
Issue,CERT: 38803,10.346,Issued
Issue,CERT: 84926,10.481,Issued
Issue,CERT: 87349,10.593,Issued
Issue,CERT: 93955,10.277,Issued
Issue,CERT: 52750,10.592,Issued
Issue,CERT: 66600,10.687,Issued
Verify,CERT: 57459,10.146,Valid
Verify,CERT: 42553,10.216,Valid
Verify,CERT: 89574,10.460,Valid
Verify,CERT: 23666,10.178,Valid
Verify,CERT: 4858,10.571,Valid
Verify,CERT: 89695,10.141,Valid
Verify,CERT: 43110,10.528,Valid
Verify,CERT: 38046,10.417,Valid
Verify,CERT: 63340,10.472,Valid
Verify,CERT: 23482,10.160,Valid
Verify,CERT: 60268,10.044,Valid
Verify,CERT: 48451,10.262,Valid
Verify,CERT: 36120,10.383,Valid
Verify,CERT: 76229,10.330,Valid
Verify,CERT: 73188,10.542,Valid
Verify,CERT: 7502,10.496,Valid
Verify,CERT: 94236,10.029,Valid
Verify,CERT: 86294,10.140,Valid
Verify,CERT: 63585,10.050,Valid
Verify,CERT: 77901,10.524,Valid
Verify,CERT: 79438,10.119,Valid
Verify,CERT: 4994,10.451,Valid
Verify,CERT: 99563,10.356,Valid
Verify,CERT: 25126,10.366,Valid
Verify,CERT: 34575,10.118,Valid
Verify,CERT: 44842,10.219,Valid
Verify,CERT: 4226,10.182,Valid
Verify,CERT: 6495,10.156,Valid
Verify,CERT: 72094,10.490,Valid
Verify,CERT: 92567,10.185,Valid
Verify,CERT: 18230,10.324,Valid
Verify,CERT: 68285,10.479,Valid
Verify,CERT: 65577,10.165,Valid
Verify,CERT: 82195,10.291,Valid
Verify,CERT: 51048,10.370,Valid
Verify,CERT: 85678,10.251,Valid
Verify,CERT: 3293,10.141,Valid
Verify,CERT: 46865,10.240,Valid
Verify,CERT: 96805,10.137,Valid
Verify,CERT: 12445,10.247,Valid
Verify,CERT: 58022,10.090,Valid
Verify,CERT: 97782,10.274,Valid
Verify,CERT: 24815,10.380,Valid
Verify,CERT: 34598,10.280,Valid
Verify,CERT: 98526,10.149,Valid
Verify,CERT: 46873,10.249,Valid
Verify,CERT: 66946,10.044,Valid
Verify,CERT: 82659,10.227,Valid
Verify,CERT: 19809,10.463,Valid
Verify,CERT: 93833,10.603,Valid
Verify,CERT: 72410,10.305,Valid
Verify,CERT: 11169,10.520,Valid
Verify,CERT: 10549,10.320,Valid
Verify,CERT: 19561,10.234,Valid
Verify,CERT: 94120,10.305,Valid
Verify,CERT: 2769,10.227,Valid
Verify,CERT: 76087,10.258,Valid
Verify,CERT: 94985,10.647,Valid
Verify,CERT: 81161,10.532,Valid
Verify,CERT: 14453,10.196,Valid
Verify,CERT: 42834,10.516,Valid
Verify,CERT: 74267,10.095,Valid
Verify,CERT: 80807,10.251,Valid
Verify,CERT: 42635,10.577,Valid
Verify,CERT: 26803,10.549,Valid
Verify,CERT: 94591,10.558,Valid
Verify,CERT: 76114,10.317,Valid
Verify,CERT: 64941,10.301,Valid
Verify,CERT: 27844,10.248,Valid
Verify,CERT: 29721,10.103,Valid
Verify,CERT: 63255,10.561,Valid
Verify,CERT: 46118,10.424,Valid
Verify,CERT: 85317,10.231,Valid
Verify,CERT: 92865,10.173,Valid
Verify,CERT: 72669,10.307,Valid
Verify,CERT: 83141,10.440,Valid
Verify,CERT: 36227,10.234,Valid
Verify,CERT: 23549,10.546,Valid
Verify,CERT: 93143,10.202,Valid
Verify,CERT: 22911,10.229,Valid
Verify,CERT: 68386,10.340,Valid
Verify,CERT: 47195,10.397,Valid
Verify,CERT: 93173,10.357,Valid
Verify,CERT: 50649,10.706,Valid
Verify,CERT: 37219,10.717,Valid
Verify,CERT: 54572,10.449,Valid
Verify,CERT: 9691,10.380,Valid
Verify,CERT: 59386,10.397,Valid
Verify,CERT: 18694,10.352,Valid
Verify,CERT: 57690,10.154,Valid
Verify,CERT: 33523,10.214,Valid
Verify,CERT: 46973,10.575,Valid
Verify,CERT: 21362,10.284,Valid
Verify,CERT: 50312,10.465,Valid
Verify,CERT: 75293,10.626,Valid
Verify,CERT: 71888,10.367,Valid
Verify,CERT: 26033,10.286,Valid
Verify,CERT: 96216,10.371,Valid
Verify,CERT: 86648,10.160,Valid
Verify,CERT: 54010,10.485,Valid
Verify,CERT: 80502,10.247,Valid
Verify,CERT: 33821,10.534,Valid
Verify,CERT: 14336,10.098,Valid
Verify,CERT: 42449,10.174,Valid
Verify,CERT: 13915,10.126,Valid
Verify,CERT: 27947,10.571,Valid
Verify,CERT: 43889,10.505,Valid
Verify,CERT: 90435,10.302,Valid
Verify,CERT: 21122,10.270,Valid
Verify,CERT: 55607,10.520,Valid
Verify,CERT: 77713,10.347,Valid
Verify,CERT: 27699,10.432,Valid
Verify,CERT: 50245,10.414,Valid
Verify,CERT: 80572,10.299,Valid
Verify,CERT: 49599,10.247,Valid
Verify,CERT: 12307,10.099,Valid
Verify,CERT: 73801,10.244,Valid
Verify,CERT: 9659,10.585,Valid
Verify,CERT: 64514,10.415,Valid
Verify,CERT: 88924,10.314,Valid
Verify,CERT: 55314,10.114,Valid
Verify,CERT: 12262,10.473,Valid
Verify,CERT: 63924,10.560,Valid
Verify,CERT: 39828,10.243,Valid
Verify,CERT: 36667,10.403,Valid
Verify,CERT: 51152,10.203,Valid
Verify,CERT: 50645,10.180,Valid
Verify,CERT: 80879,10.100,Valid
Verify,CERT: 57495,10.117,Valid
Verify,CERT: 83346,10.440,Valid
Verify,CERT: 49292,10.480,Valid
Verify,CERT: 75474,10.381,Valid
Verify,CERT: 2976,10.252,Valid
Verify,CERT: 54625,10.534,Valid
Verify,CERT: 73417,10.212,Valid
Verify,CERT: 51538,10.359,Valid
Verify,CERT: 94941,10.110,Valid
Verify,CERT: 73263,10.564,Valid
Verify,CERT: 50109,10.715,Valid
Verify,CERT: 65946,10.310,Valid
Verify,CERT: 51855,10.535,Valid
Verify,CERT: 1585,10.581,Valid
Verify,CERT: 64684,10.417,Valid
Verify,CERT: 93382,10.519,Valid
Verify,CERT: 51428,10.365,Valid
Verify,CERT: 30786,10.104,Valid
Verify,CERT: 67045,10.305,Valid
Verify,CERT: 19627,10.473,Valid
Verify,CERT: 26509,10.195,Valid
Verify,CERT: 88934,10.510,Valid
Verify,CERT: 29481,10.476,Valid
Verify,CERT: 29944,10.406,Valid
Verify,CERT: 78387,10.071,Valid
Verify,CERT: 74022,10.141,Valid
Verify,CERT: 9297,10.366,Valid
Verify,CERT: 91727,10.510,Valid
Verify,CERT: 60430,10.428,Valid
Verify,CERT: 58671,10.114,Valid
Verify,CERT: 88015,10.563,Valid
Verify,CERT: 55487,10.493,Valid
Verify,CERT: 72370,10.439,Valid
Verify,CERT: 71440,10.170,Valid
Verify,CERT: 46417,10.430,Valid
Verify,CERT: 2777,10.493,Valid
Verify,CERT: 79139,10.261,Valid
Verify,CERT: 88624,10.250,Valid
Verify,CERT: 17060,10.546,Valid
Verify,CERT: 54386,10.208,Valid
Verify,CERT: 86986,10.556,Valid
Verify,CERT: 47406,10.048,Valid
Verify,CERT: 56728,10.339,Valid
Verify,CERT: 1741,10.315,Valid
Verify,CERT: 62568,10.399,Valid
Verify,CERT: 4762,10.086,Valid
Verify,CERT: 3017,10.345,Valid

Verify,CERT: 78937,10.522,Valid
Verify,CERT: 85470,10.625,Valid
Verify,CERT: 18033,10.207,Valid
Verify,CERT: 99180,10.361,Valid
Verify,CERT: 37158,10.372,Valid
Verify,CERT: 23938,10.209,Valid
Verify,CERT: 37999,10.355,Valid
Verify,CERT: 49182,10.202,Valid
Verify,CERT: 99143,10.111,Valid
Verify,CERT: 20080,10.186,Valid
Verify,CERT: 49430,10.130,Valid
Verify,CERT: 36349,10.235,Valid
Verify,CERT: 60793,10.354,Valid
Verify,CERT: 8760,10.210,Valid
Verify,CERT: 42400,10.220,Valid
Verify,CERT: 55022,10.460,Valid
Verify,CERT: 11139,10.488,Valid
Verify,CERT: 13816,10.099,Valid
Verify,CERT: 74739,10.484,Valid
Verify,CERT: 3401,10.333,Valid
Verify,CERT: 70255,10.532,Valid
Verify,CERT: 14847,10.517,Valid
Verify,CERT: 11682,10.070,Valid
Verify,CERT: 61170,10.125,Valid
Verify,CERT: 18422,10.218,Valid
Verify,CERT: 54651,10.406,Valid
Verify,CERT: 87031,10.268,Valid
Verify,CERT: 27896,10.427,Valid
Verify,CERT: 76704,10.330,Valid
Verify,CERT: 81293,10.605,Valid
Verify,CERT: 32732,10.193,Valid
Verify,CERT: 36871,10.188,Valid
Verify,CERT: 52271,10.240,Valid
Verify,CERT: 95613,10.348,Valid
Verify,CERT: 61069,10.529,Valid
Verify,CERT: 30574,10.306,Valid
Verify,CERT: 97684,10.460,Valid
Verify,CERT: 11609,10.405,Valid
Verify,CERT: 31114,10.300,Valid
Verify,CERT: 88480,10.159,Valid
Verify,CERT: 3123,10.485,Valid
Verify,CERT: 25539,10.156,Valid
Verify,CERT: 50375,10.364,Valid
Verify,CERT: 52728,10.569,Valid
Verify,CERT: 30747,10.739,Valid
Verify,CERT: 61677,10.537,Valid
Verify,CERT: 31298,10.470,Valid
Verify,CERT: 67544,10.396,Valid
Verify,CERT: 18420,10.502,Valid
Verify,CERT: 40423,10.399,Valid
Verify,CERT: 190,10.285,Valid
Verify,CERT: 64171,10.427,Valid
Verify,CERT: 31789,10.252,Valid
Verify,CERT: 4493,10.308,Valid
Verify,CERT: 19103,10.331,Valid
Verify,CERT: 61902,10.489,Valid
Verify,CERT: 9778,10.503,Valid
Verify,CERT: 68329,10.221,Valid
Verify,CERT: 56481,10.311,Valid
Verify,CERT: 39530,10.502,Valid
Verify,CERT: 90444,10.088,Valid
Verify,CERT: 17852,10.192,Valid
Verify,CERT: 84163,10.502,Valid
Verify,CERT: 9497,10.190,Valid
Verify,CERT: 22943,10.489,Valid
Verify,CERT: 68335,10.558,Valid
Verify,CERT: 13382,10.505,Valid
Verify,CERT: 79265,10.502,Valid
Verify,CERT: 47691,10.178,Valid
Verify,CERT: 47730,10.370,Valid
Verify,CERT: 59110,10.554,Valid
Verify,CERT: 47983,10.145,Valid
Verify,CERT: 31628,10.418,Valid
Verify,CERT: 35359,10.272,Valid
Verify,CERT: 53067,10.550,Valid
Verify,CERT: 45687,10.407,Valid
Verify,CERT: 42397,10.210,Valid
Verify,CERT: 34132,10.240,Valid
Verify,CERT: 37130,10.382,Valid
Verify,CERT: 89797,10.468,Valid
Verify,CERT: 4244,10.240,Valid
Verify,CERT: 59494,10.334,Valid
Verify,CERT: 7561,10.507,Valid
Verify,CERT: 60954,10.505,Valid
Verify,CERT: 37954,10.583,Valid
Verify,CERT: 66571,10.195,Valid
Verify,CERT: 21115,10.472,Valid
Verify,CERT: 84451,10.265,Valid
Verify,CERT: 75936,10.113,Valid
Verify,CERT: 49759,10.618,Valid
Verify,CERT: 28816,10.292,Valid
Verify,CERT: 41735,10.198,Valid
Verify,CERT: 34281,10.518,Valid
Verify,CERT: 4903,10.575,Valid
Verify,CERT: 14134,10.430,Valid
Verify,CERT: 63145,10.261,Valid
Verify,CERT: 63490,10.156,Valid
Verify,CERT: 37663,10.147,Valid
Verify,CERT: 51135,10.374,Valid
Verify,CERT: 62288,10.289,Valid
Verify,CERT: 35907,10.098,Valid
Verify,CERT: 46727,10.619,Valid
Verify,CERT: 49621,10.705,Valid
Verify,CERT: 43346,10.331,Valid
Verify,CERT: 72676,10.192,Valid
Verify,CERT: 26611,10.514,Valid
Verify,CERT: 80570,10.279,Valid
Verify,CERT: 52513,10.359,Valid
Verify,CERT: 7427,10.282,Valid
Verify,CERT: 53328,10.099,Valid
Verify,CERT: 89714,10.203,Valid
Verify,CERT: 64580,10.166,Valid
Verify,CERT: 2160,10.473,Valid
Verify,CERT: 98193,10.610,Valid
Verify,CERT: 13491,10.197,Valid
Verify,CERT: 19223,10.068,Valid
Verify,CERT: 74313,10.528,Valid
Verify,CERT: 37125,10.382,Valid
Verify,CERT: 79817,10.458,Valid
Verify,CERT: 6290,10.208,Valid
Verify,CERT: 36161,10.434,Valid
Verify,CERT: 69807,10.630,Valid
Verify,CERT: 28905,10.155,Valid
Verify,CERT: 75364,10.372,Valid
Verify,CERT: 82426,10.452,Valid
Verify,CERT: 18110,10.400,Valid
Verify,CERT: 42131,10.501,Valid
Verify,CERT: 83643,10.181,Valid
Verify,CERT: 52809,10.052,Valid
Verify,CERT: 37479,10.123,Valid
Verify,CERT: 19336,10.201,Valid
Verify,CERT: 5898,10.506,Valid
Verify,CERT: 26371,10.485,Valid
Verify,CERT: 45327,10.435,Valid
Verify,CERT: 94624,10.474,Valid
Verify,CERT: 31547,10.107,Valid
Verify,CERT: 6896,10.566,Valid
Verify,CERT: 15756,10.345,Valid
Verify,CERT: 85613,10.129,Valid
Verify,CERT: 74294,10.172,Valid
Verify,CERT: 72353,10.543,Valid
Verify,CERT: 49944,10.383,Valid
Verify,CERT: 47595,10.086,Valid
Verify,CERT: 18106,10.525,Valid
Verify,CERT: 69566,10.153,Valid
Verify,CERT: 61025,10.565,Valid
Verify,CERT: 52909,10.437,Valid
Verify,CERT: 74320,10.370,Valid
Verify,CERT: 15150,10.290,Valid
Verify,CERT: 34024,10.682,Valid
Verify,CERT: 22745,10.417,Valid
Verify,CERT: 80039,10.111,Valid
Verify,CERT: 93732,10.204,Valid
Verify,CERT: 80113,10.151,Valid
Verify,CERT: 40393,10.087,Valid
Verify,CERT: 97599,10.180,Valid
Verify,CERT: 10261,10.166,Valid
Verify,CERT: 35278,10.307,Valid
Verify,CERT: 95707,10.221,Valid
Verify,CERT: 50522,10.171,Valid
Verify,CERT: 33562,10.203,Valid
Verify,CERT: 6932,10.503,Valid
Verify,CERT: 59818,10.390,Valid
Verify,CERT: 66220,10.150,Valid
Verify,CERT: 75466,10.307,Valid
Verify,CERT: 76999,10.544,Valid
Verify,CERT: 66714,10.382,Valid
Verify,CERT: 61532,10.140,Valid
Verify,CERT: 83269,10.157,Valid
Verify,CERT: 95041,10.553,Valid
Verify,CERT: 37665,10.516,Valid
Verify,CERT: 80494,10.167,Valid
Verify,CERT: 920,10.381,Valid
Verify,CERT: 26826,10.233,Valid
Verify,CERT: 95729,10.680,Valid
Verify,CERT: 45335,10.534,Valid
Verify,CERT: 50846,10.439,Valid
Verify,CERT: 23073,10.495,Valid
Verify,CERT: 260,10.173,Valid
Verify,CERT: 30004,10.110,Valid
Verify,CERT: 5140,10.439,Valid
Verify,CERT: 48426,10.252,Valid
Verify,CERT: 7578,10.523,Valid
Verify,CERT: 34794,10.609,Valid
Verify,CERT: 7755,10.520,Valid
Verify,CERT: 58730,10.546,Valid
Verify,CERT: 92968,10.290,Valid
Verify,CERT: 14992,10.560,Valid
Verify,CERT: 19580,10.646,Valid
Verify,CERT: 42958,10.299,Valid
Verify,CERT: 51208,10.281,Valid
Verify,CERT: 7187,10.516,Valid
Verify,CERT: 87790,10.308,Valid
Verify,CERT: 28198,10.332,Valid
Verify,CERT: 3705,10.434,Valid
Verify,CERT: 49780,10.620,Valid
Verify,CERT: 22754,10.258,Valid
Verify,CERT: 20638,10.354,Valid
Verify,CERT: 91023,10.370,Valid
Verify,CERT: 95984,10.563,Valid
Verify,CERT: 891,10.547,Valid
Verify,CERT: 3974,10.248,Valid
Verify,CERT: 73990,10.582,Valid
Verify,CERT: 76082,10.491,Valid
Verify,CERT: 9623,10.259,Valid
Verify,CERT: 37590,10.540,Valid
Verify,CERT: 75409,10.336,Valid
Verify,CERT: 1033,10.132,Valid
Verify,CERT: 21772,10.575,Valid
Verify,CERT: 48431,10.328,Valid
Verify,CERT: 25253,10.685,Valid
Verify,CERT: 50735,10.449,Valid
Verify,CERT: 61795,10.615,Valid
Verify,CERT: 68939,10.130,Valid
Verify,CERT: 2536,10.226,Valid
Verify,CERT: 85536,10.089,Valid
Verify,CERT: 33852,10.454,Valid
Verify,CERT: 4506,10.205,Valid
Verify,CERT: 94464,10.325,Valid
Verify,CERT: 99742,10.169,Valid
Verify,CERT: 60915,10.304,Valid
Verify,CERT: 73859,10.236,Valid
Verify,CERT: 33442,10.351,Valid
Verify,CERT: 7465,10.170,Valid
Verify,CERT: 19788,10.071,Valid
Verify,CERT: 98010,10.320,Valid
Verify,CERT: 50133,10.284,Valid
Verify,CERT: 37964,10.410,Valid
Verify,CERT: 82068,10.337,Valid
Verify,CERT: 32580,10.221,Valid
Verify,CERT: 74517,10.191,Valid
Verify,CERT: 24003,10.306,Valid
Verify,CERT: 876,10.404,Valid
Verify,CERT: 31556,10.321,Valid
Verify,CERT: 67922,10.258,Valid
Verify,CERT: 98002,10.339,Valid
Verify,CERT: 6222,10.229,Valid
Verify,CERT: 42646,10.183,Valid
Verify,CERT: 9054,10.316,Valid
Verify,CERT: 88183,10.221,Valid
Verify,CERT: 1861,10.416,Valid
Verify,CERT: 59658,10.561,Valid
Verify,CERT: 5252,10.251,Valid
Verify,CERT: 89439,10.470,Valid
Verify,CERT: 24938,10.740,Valid
Verify,CERT: 70351,10.145,Valid
Verify,CERT: 53987,10.249,Valid
Verify,CERT: 58235,10.175,Valid
Verify,CERT: 21932,10.292,Valid
Verify,CERT: 75253,10.322,Valid
Verify,CERT: 38125,10.226,Valid
Verify,CERT: 41746,10.605,Valid
Verify,CERT: 47246,10.699,Valid
Verify,CERT: 51165,10.139,Valid
Verify,CERT: 67782,10.308,Valid
Verify,CERT: 46402,10.203,Valid
Verify,CERT: 4200,10.320,Valid
Verify,CERT: 49991,10.074,Valid
Verify,CERT: 22339,10.243,Valid
Verify,CERT: 96536,10.210,Valid
Verify,CERT: 14513,10.468,Valid
Verify,CERT: 21440,10.163,Valid
Verify,CERT: 62956,10.463,Valid
Verify,CERT: 2618,10.441,Valid
Verify,CERT: 7221,10.414,Valid
Verify,CERT: 89848,10.240,Valid
Verify,CERT: 94308,10.272,Valid
Verify,CERT: 38762,10.160,Valid
Verify,CERT: 41523,10.135,Valid
Verify,CERT: 47599,10.593,Valid
Verify,CERT: 92868,10.183,Valid
Verify,CERT: 72996,10.495,Valid
Verify,CERT: 97349,10.192,Valid
Verify,CERT: 5485,10.231,Valid
Verify,CERT: 69739,10.251,Valid
Verify,CERT: 5162,10.173,Valid
Verify,CERT: 69002,10.503,Valid
Verify,CERT: 35714,10.114,Valid
Verify,CERT: 51058,10.174,Valid
Verify,CERT: 86898,10.356,Valid
Verify,CERT: 84493,10.334,Valid
Verify,CERT: 96472,10.372,Valid
Verify,CERT: 71561,10.149,Valid
Verify,CERT: 73288,10.204,Valid
Verify,CERT: 45760,10.259,Valid
Verify,CERT: 37204,10.207,Valid
Verify,CERT: 45563,10.176,Valid
Verify,CERT: 32405,10.272,Valid
Verify,CERT: 17912,10.164,Valid
Verify,CERT: 5199,10.139,Valid
Verify,CERT: 42628,10.304,Valid
Verify,CERT: 61909,10.286,Valid
Verify,CERT: 35590,10.317,Valid
Verify,CERT: 45451,10.519,Valid
Verify,CERT: 34884,10.132,Valid
Verify,CERT: 5631,10.197,Valid
Verify,CERT: 42282,10.070,Valid
Verify,CERT: 25935,10.098,Valid
Verify,CERT: 65445,10.267,Valid
Verify,CERT: 41695,10.322,Valid
Verify,CERT: 22674,10.299,Valid
Verify,CERT: 10044,10.122,Valid
Verify,CERT: 4781,10.295,Valid
Verify,CERT: 11689,10.307,Valid
Verify,CERT: 3014,10.629,Valid
Verify,CERT: 96586,10.082,Valid
Verify,CERT: 16850,10.095,Valid
Verify,CERT: 87618,10.716,Valid
Verify,CERT: 16627,10.349,Valid
Verify,CERT: 63844,10.194,Valid
Verify,CERT: 34842,10.305,Valid
Verify,CERT: 34520,10.402,Valid
Verify,CERT: 61000,10.167,Valid
Verify,CERT: 49610,10.553,Valid
Verify,CERT: 90217,10.504,Valid
Verify,CERT: 17783,10.257,Valid
Verify,CERT: 68263,10.435,Valid
Verify,CERT: 18089,10.151,Valid
Verify,CERT: 85983,10.115,Valid
Verify,CERT: 11371,10.351,Valid
Verify,CERT: 75893,10.112,Valid
Verify,CERT: 37552,10.197,Valid
Verify,CERT: 26768,10.576,Valid
Verify,CERT: 16872,10.500,Valid
Verify,CERT: 76542,10.248,Valid
Verify,CERT: 49275,10.308,Valid
Verify,CERT: 93786,10.281,Valid
Verify,CERT: 73602,10.507,Valid
Verify,CERT: 66034,10.678,Valid
Verify,CERT: 98192,10.319,Valid
Verify,CERT: 56125,10.290,Valid
Verify,CERT: 89492,10.682,Valid
Verify,CERT: 61899,10.121,Valid
Verify,CERT: 75692,10.290,Valid
Verify,CERT: 45914,10.489,Valid
Verify,CERT: 44217,10.572,Valid
Verify,CERT: 42495,10.168,Valid
Verify,CERT: 17086,10.508,Valid
Verify,CERT: 83956,10.425,Valid
Verify,CERT: 19497,10.326,Valid
Verify,CERT: 38485,10.461,Valid
Verify,CERT: 97167,10.061,Valid
Verify,CERT: 43324,10.235,Valid
Verify,CERT: 48994,10.300,Valid
Verify,CERT: 93316,10.090,Valid
Verify,CERT: 78497,10.239,Valid
Verify,CERT: 38870,10.526,Valid
Verify,CERT: 71460,10.318,Valid
Verify,CERT: 6291,10.678,Valid
Verify,CERT: 22720,10.147,Valid
Verify,CERT: 59991,10.631,Valid
Verify,CERT: 88446,10.462,Valid
Verify,CERT: 7235,10.185,Valid
Verify,CERT: 27352,10.154,Valid
Verify,CERT: 61244,10.090,Valid
Verify,CERT: 86867,10.256,Valid
Verify,CERT: 57780,10.320,Valid
Verify,CERT: 91657,10.621,Valid
Verify,CERT: 73941,10.438,Valid
Verify,CERT: 48863,10.112,Valid
Verify,CERT: 84842,10.543,Valid
Verify,CERT: 88788,10.306,Valid
Verify,CERT: 26090,10.161,Valid
Verify,CERT: 6281,10.477,Valid
Verify,CERT: 73779,10.275,Valid
Verify,CERT: 28077,10.338,Valid
Verify,CERT: 95674,10.258,Valid
Verify,CERT: 57028,10.333,Valid
Verify,CERT: 2160,10.537,Valid
Verify,CERT: 62924,10.080,Valid
Verify,CERT: 64755,10.409,Valid
Verify,CERT: 73017,10.354,Valid
Verify,CERT: 17611,10.329,Valid
Verify,CERT: 27109,10.389,Valid
Verify,CERT: 4336,10.163,Valid
Verify,CERT: 93546,10.187,Valid
Verify,CERT: 76021,10.598,Valid
Verify,CERT: 24261,10.330,Valid
Verify,CERT: 11534,10.319,Valid
Verify,CERT: 17625,10.501,Valid
Verify,CERT: 27318,10.202,Valid
Verify,CERT: 81954,10.122,Valid
Verify,CERT: 72044,10.422,Valid
Verify,CERT: 50542,10.151,Valid
Verify,CERT: 17421,10.445,Valid
Verify,CERT: 31263,10.452,Valid
Verify,CERT: 87568,10.196,Valid
Verify,CERT: 30155,10.411,Valid
Verify,CERT: 16311,10.103,Valid
Verify,CERT: 85510,10.250,Valid
Verify,CERT: 99393,10.109,Valid
Verify,CERT: 2832,10.297,Valid
Verify,CERT: 39812,10.219,Valid
Verify,CERT: 87919,10.087,Valid
Verify,CERT: 68460,10.153,Valid
Verify,CERT: 66249,10.377,Valid
Verify,CERT: 74266,10.073,Valid
Verify,CERT: 94794,10.203,Valid
Verify,CERT: 18182,10.068,Valid
Verify,CERT: 54391,10.228,Valid
Verify,CERT: 73497,10.243,Valid
Verify,CERT: 30545,10.277,Valid
Verify,CERT: 82260,10.080,Valid
Verify,CERT: 18580,10.249,Valid
Verify,CERT: 79966,10.168,Valid
Verify,CERT: 71677,10.336,Valid
Verify,CERT: 64089,10.157,Valid
Verify,CERT: 10235,10.283,Valid
Verify,CERT: 86643,10.305,Valid
Verify,CERT: 32001,10.394,Valid
Verify,CERT: 2289,10.331,Valid
Verify,CERT: 98844,10.176,Valid
Verify,CERT: 19958,10.243,Valid
Verify,CERT: 37857,10.404,Valid
Verify,CERT: 17749,10.167,Valid
Verify,CERT: 48184,10.282,Valid
Verify,CERT: 24472,10.104,Valid
Verify,CERT: 98819,10.090,Valid
Verify,CERT: 71985,10.299,Valid
Verify,CERT: 76548,10.475,Valid
Verify,CERT: 13788,10.593,Valid
Verify,CERT: 84264,10.476,Valid
Verify,CERT: 32419,10.423,Valid
Verify,CERT: 45164,10.541,Valid
Verify,CERT: 74503,10.205,Valid
Verify,CERT: 56354,10.294,Valid
Verify,CERT: 671,10.371,Valid
Verify,CERT: 49816,10.452,Valid
Verify,CERT: 84239,10.578,Valid
Verify,CERT: 56314,10.443,Valid
Verify,CERT: 86866,10.577,Valid
Verify,CERT: 45264,10.297,Valid
Verify,CERT: 7243,10.432,Valid
Verify,CERT: 27570,10.448,Valid
Verify,CERT: 54830,10.144,Valid
Verify,CERT: 43092,10.529,Valid
Verify,CERT: 38440,10.567,Valid
Verify,CERT: 39374,10.376,Valid
Verify,CERT: 87522,10.373,Valid
Verify,CERT: 60170,10.466,Valid
Verify,CERT: 96764,10.171,Valid
Verify,CERT: 42842,10.378,Valid
Verify,CERT: 44139,10.333,Valid
Verify,CERT: 34444,10.328,Valid
Verify,CERT: 40386,10.277,Valid
Verify,CERT: 89908,10.373,Valid
Verify,CERT: 14770,10.372,Valid
Verify,CERT: 13019,10.449,Valid
Verify,CERT: 91321,10.400,Valid
Verify,CERT: 49296,10.158,Valid
Verify,CERT: 41977,10.537,Valid
Verify,CERT: 69739,10.246,Valid
Verify,CERT: 73003,10.312,Valid
Verify,CERT: 45709,10.489,Valid
Verify,CERT: 96128,10.111,Valid
Verify,CERT: 87781,10.330,Valid
Verify,CERT: 77596,10.340,Valid
Verify,CERT: 27433,10.263,Valid
Verify,CERT: 87923,10.196,Valid
Verify,CERT: 91874,10.481,Valid
Verify,CERT: 15038,10.414,Valid
Verify,CERT: 48277,10.394,Valid
Verify,CERT: 52510,10.241,Valid
Verify,CERT: 38037,10.404,Valid
Verify,CERT: 28465,10.470,Valid
Verify,CERT: 28798,10.216,Valid
Verify,CERT: 60275,10.135,Valid
Verify,CERT: 65221,10.620,Valid
Verify,CERT: 29248,10.310,Valid
Verify,CERT: 25873,10.375,Valid
Verify,CERT: 74383,10.181,Valid
Verify,CERT: 85932,10.639,Valid
Verify,CERT: 36487,10.508,Valid
Verify,CERT: 65473,10.544,Valid
Verify,CERT: 28712,10.372,Valid
Verify,CERT: 87764,10.397,Valid
Verify,CERT: 33239,10.366,Valid
Verify,CERT: 22465,10.332,Valid
Verify,CERT: 92525,10.625,Valid
Verify,CERT: 94451,10.501,Valid
Verify,CERT: 41650,10.260,Valid
Verify,CERT: 81704,10.405,Valid
Verify,CERT: 42974,10.262,Valid
Verify,CERT: 57669,10.445,Valid
Verify,CERT: 61223,10.476,Valid
Verify,CERT: 46879,10.278,Valid
Verify,CERT: 11224,10.268,Valid
Verify,CERT: 43296,10.470,Valid
Verify,CERT: 59729,10.113,Valid
Verify,CERT: 84828,10.624,Valid
Verify,CERT: 8444,10.516,Valid
Verify,CERT: 35588,10.447,Valid
Verify,CERT: 94577,10.167,Valid
Verify,CERT: 51888,10.608,Valid
Verify,CERT: 89469,10.370,Valid
Verify,CERT: 37461,10.078,Valid
Verify,CERT: 88689,10.347,Valid
Verify,CERT: 69362,10.464,Valid
Verify,CERT: 92484,10.560,Valid
Verify,CERT: 99402,10.242,Valid
Verify,CERT: 25251,10.367,Valid
Verify,CERT: 4296,10.538,Valid
Verify,CERT: 87519,10.143,Valid
Verify,CERT: 60823,10.346,Valid
Verify,CERT: 47643,10.460,Valid
Verify,CERT: 99706,10.557,Valid
Verify,CERT: 79519,10.173,Valid
Verify,CERT: 74897,10.352,Valid
Verify,CERT: 10388,10.465,Valid
Verify,CERT: 16293,10.132,Valid
Verify,CERT: 22086,10.555,Valid
Verify,CERT: 47188,10.159,Valid
Verify,CERT: 62691,10.107,Valid
Verify,CERT: 17558,10.284,Valid
Verify,CERT: 23517,10.381,Valid
Verify,CERT: 1969,10.209,Valid
Verify,CERT: 54894,10.336,Valid
Verify,CERT: 74965,10.397,Valid
Verify,CERT: 36757,10.310,Valid
Verify,CERT: 66935,10.233,Valid
Verify,CERT: 91828,10.229,Valid
Verify,CERT: 53156,10.530,Valid
Verify,CERT: 96676,10.508,Valid
Verify,CERT: 95794,10.352,Valid
Verify,CERT: 85455,10.487,Valid
Verify,CERT: 66570,10.361,Valid
Verify,CERT: 90613,10.615,Valid
Verify,CERT: 16336,10.130,Valid
Verify,CERT: 51617,10.570,Valid
Verify,CERT: 85928,10.257,Valid
Verify,CERT: 46643,10.389,Valid
Verify,CERT: 79505,10.253,Valid
Verify,CERT: 35908,10.520,Valid
Verify,CERT: 88121,10.334,Valid
Verify,CERT: 65813,10.170,Valid
Verify,CERT: 13028,10.614,Valid
Verify,CERT: 71403,10.397,Valid
Verify,CERT: 48747,10.532,Valid
Verify,CERT: 16997,10.426,Valid
Verify,CERT: 38300,10.233,Valid
Verify,CERT: 67000,10.421,Valid
Verify,CERT: 43789,10.725,Valid
Verify,CERT: 41020,10.678,Valid
Verify,CERT: 41754,10.744,Valid
Verify,CERT: 72417,10.555,Valid
Verify,CERT: 30282,10.577,Valid
Verify,CERT: 44724,10.687,Valid
Verify,CERT: 89147,10.593,Valid
Verify,CERT: 23902,10.268,Valid
Verify,CERT: 78992,10.273,Valid
Verify,CERT: 65772,10.534,Valid
Verify,CERT: 86655,10.098,Valid
Verify,CERT: 99257,10.483,Valid
Verify,CERT: 54922,10.579,Valid
Verify,CERT: 1205,10.295,Valid
Verify,CERT: 29753,10.405,Valid
Verify,CERT: 66626,10.158,Valid
Verify,CERT: 63372,10.211,Valid
Verify,CERT: 21067,10.110,Valid
Verify,CERT: 75567,10.126,Valid
Verify,CERT: 27139,10.192,Valid
Verify,CERT: 40731,10.405,Valid
Verify,CERT: 8074,10.551,Valid
Verify,CERT: 73111,10.160,Valid
Verify,CERT: 83582,10.143,Valid
Verify,CERT: 90252,10.543,Valid
Verify,CERT: 68878,10.154,Valid
Verify,CERT: 37984,10.250,Valid
Verify,CERT: 39310,10.103,Valid
Verify,CERT: 34655,10.158,Valid
Verify,CERT: 31524,10.097,Valid
Verify,CERT: 59,10.262,Valid
Verify,CERT: 69800,10.223,Valid
Verify,CERT: 46618,10.271,Valid
Verify,CERT: 15903,10.407,Valid
Verify,CERT: 94181,10.146,Valid
Verify,CERT: 38122,10.554,Valid
Verify,CERT: 63520,10.525,Valid
Verify,CERT: 4906,10.104,Valid
Verify,CERT: 3600,10.507,Valid
Verify,CERT: 82260,10.227,Valid
Verify,CERT: 37716,10.447,Valid
Verify,CERT: 98571,10.153,Valid
Verify,CERT: 17403,10.219,Valid
Verify,CERT: 24861,10.484,Valid
Verify,CERT: 33091,10.390,Valid
Verify,CERT: 24133,10.323,Valid
Verify,CERT: 40259,10.431,Valid
Verify,CERT: 54547,10.211,Valid
Verify,CERT: 82785,10.489,Valid
Verify,CERT: 50803,10.224,Valid
Verify,CERT: 87796,10.195,Valid
Verify,CERT: 11168,10.409,Valid
Verify,CERT: 10527,10.424,Valid
Verify,CERT: 5485,10.560,Valid
Verify,CERT: 19599,10.233,Valid
Verify,CERT: 25852,10.211,Valid
Verify,CERT: 23647,10.427,Valid
Verify,CERT: 97755,10.663,Valid
Verify,CERT: 73589,10.242,Valid
Verify,CERT: 11707,10.499,Valid
Verify,CERT: 13750,10.188,Valid
Verify,CERT: 98620,10.542,Valid
Verify,CERT: 38234,10.108,Valid
Verify,CERT: 84015,10.689,Valid
Verify,CERT: 21944,10.059,Valid
Verify,CERT: 81870,10.337,Valid
Verify,CERT: 31756,10.336,Valid
Verify,CERT: 14761,10.798,Valid
Verify,CERT: 8596,10.685,Valid
Verify,CERT: 45510,10.486,Valid
Verify,CERT: 40493,10.361,Valid
Verify,CERT: 97878,10.271,Valid
Verify,CERT: 34315,10.297,Valid
Verify,CERT: 98426,10.060,Valid
Verify,CERT: 17492,10.421,Valid
Verify,CERT: 97571,10.207,Valid
Verify,CERT: 74017,10.508,Valid
Verify,CERT: 81895,10.426,Valid
Verify,CERT: 29517,10.483,Valid
Verify,CERT: 99218,10.315,Valid
Verify,CERT: 1868,10.272,Valid
Verify,CERT: 58867,10.422,Valid
Verify,CERT: 85990,10.247,Valid
Verify,CERT: 53081,10.585,Valid
Verify,CERT: 19261,10.467,Valid
Verify,CERT: 98351,10.062,Valid
Verify,CERT: 11511,10.372,Valid
Verify,CERT: 1736,10.102,Valid
Verify,CERT: 27049,10.450,Valid
Verify,CERT: 45313,10.385,Valid
Verify,CERT: 3395,10.275,Valid
Verify,CERT: 37214,10.759,Valid
Verify,CERT: 49538,10.510,Valid
Verify,CERT: 68066,10.122,Valid
Verify,CERT: 60246,10.333,Valid
Verify,CERT: 32277,10.076,Valid
Verify,CERT: 39332,10.206,Valid
Verify,CERT: 37214,10.230,Valid
Verify,CERT: 41920,10.333,Valid
Verify,CERT: 57759,10.209,Valid
Verify,CERT: 23308,10.492,Valid
Verify,CERT: 19159,10.649,Valid
Verify,CERT: 65076,10.358,Valid
Verify,CERT: 21268,10.606,Valid
Verify,CERT: 92325,10.173,Valid
Verify,CERT: 14163,10.422,Valid
Verify,CERT: 74157,10.456,Valid
Verify,CERT: 22221,10.434,Valid
Verify,CERT: 23312,10.329,Valid
Verify,CERT: 75499,10.235,Valid
Verify,CERT: 92128,10.492,Valid
Verify,CERT: 26871,10.231,Valid
Verify,CERT: 47107,10.218,Valid
Verify,CERT: 73303,10.366,Valid
Verify,CERT: 6501,10.589,Valid
Verify,CERT: 89719,10.465,Valid
Verify,CERT: 82692,10.312,Valid
Verify,CERT: 16631,10.083,Valid
Verify,CERT: 36716,10.326,Valid
Verify,CERT: 22447,10.426,Valid
Verify,CERT: 8873,10.253,Valid
Verify,CERT: 13327,10.545,Valid
Verify,CERT: 11586,10.085,Valid
Verify,CERT: 82935,10.393,Valid
Verify,CERT: 98264,10.428,Valid
Verify,CERT: 58286,10.177,Valid
Verify,CERT: 22055,10.281,Valid
Verify,CERT: 22205,10.171,Valid
Verify,CERT: 37153,10.127,Valid
Verify,CERT: 44421,10.550,Valid
Verify,CERT: 6397,10.479,Valid
Verify,CERT: 6920,10.533,Valid
Verify,CERT: 53967,10.311,Valid
Verify,CERT: 46408,10.564,Valid
Verify,CERT: 73562,10.373,Valid
Verify,CERT: 17262,10.696,Valid
Verify,CERT: 71171,10.335,Valid
Verify,CERT: 86297,10.274,Valid
Verify,CERT: 36316,10.457,Valid
Verify,CERT: 64373,10.492,Valid
Verify,CERT: 16069,10.371,Valid
Verify,CERT: 47575,10.053,Valid
Verify,CERT: 4256,10.311,Valid
Verify,CERT: 27752,10.202,Valid
Verify,CERT: 24811,10.240,Valid
Verify,CERT: 92779,10.591,Valid
Verify,CERT: 52368,10.466,Valid
Verify,CERT: 2253,10.083,Valid
Verify,CERT: 84857,10.466,Valid
Verify,CERT: 93386,10.149,Valid
Verify,CERT: 93845,10.466,Valid
Verify,CERT: 59671,10.246,Valid
Verify,CERT: 66736,10.240,Valid
Verify,CERT: 83855,10.228,Valid
Verify,CERT: 76500,10.507,Valid
Verify,CERT: 10142,10.336,Valid
Verify,CERT: 31984,10.121,Valid
Verify,CERT: 30539,10.335,Valid
Verify,CERT: 80758,10.458,Valid
Verify,CERT: 40120,10.169,Valid
Verify,CERT: 90916,10.354,Valid
Verify,CERT: 3382,10.209,Valid
Verify,CERT: 29225,10.197,Valid
Verify,CERT: 72384,10.453,Valid
Verify,CERT: 17374,10.456,Valid
Verify,CERT: 4086,10.409,Valid
Verify,CERT: 82530,10.573,Valid
Verify,CERT: 44419,10.571,Valid
Verify,CERT: 6672,10.270,Valid
Verify,CERT: 70613,10.488,Valid
Verify,CERT: 40574,10.492,Valid
Verify,CERT: 89452,10.579,Valid
Verify,CERT: 14746,10.140,Valid
Verify,CERT: 34261,10.237,Valid
Verify,CERT: 26747,10.188,Valid
Verify,CERT: 82946,10.152,Valid
Verify,CERT: 25910,10.505,Valid
Verify,CERT: 3037,10.316,Valid
Verify,CERT: 85012,10.539,Valid
Verify,CERT: 71731,10.465,Valid
Verify,CERT: 81889,10.498,Valid
Verify,CERT: 49195,10.362,Valid
Verify,CERT: 57807,10.679,Valid
Verify,CERT: 70273,10.515,Valid
Verify,CERT: 12815,10.621,Valid
Verify,CERT: 68847,10.312,Valid
Verify,CERT: 84330,10.425,Valid
Verify,CERT: 79994,10.340,Valid
Verify,CERT: 63260,10.231,Valid
Verify,CERT: 21496,10.344,Valid
Verify,CERT: 23043,10.551,Valid
Verify,CERT: 67324,10.502,Valid
Verify,CERT: 13544,10.323,Valid
Verify,CERT: 55689,10.549,Valid
Verify,CERT: 17880,10.491,Valid
Verify,CERT: 43180,10.344,Valid
Verify,CERT: 75369,10.360,Valid
Verify,CERT: 82626,10.532,Valid
Verify,CERT: 47933,10.155,Valid
Verify,CERT: 44253,10.269,Valid
Verify,CERT: 79275,10.495,Valid
Verify,CERT: 91207,10.406,Valid
Verify,CERT: 43811,10.045,Valid
Verify,CERT: 9280,10.527,Valid
Verify,CERT: 54650,10.129,Valid
Verify,CERT: 91349,10.402,Valid
Verify,CERT: 69180,10.303,Valid
Verify,CERT: 49668,10.609,Valid
Verify,CERT: 19854,10.364,Valid
Verify,CERT: 50336,10.380,Valid
Verify,CERT: 63513,10.547,Valid
Verify,CERT: 70810,10.321,Valid
Verify,CERT: 63855,10.517,Valid
Verify,CERT: 97839,10.474,Valid
Verify,CERT: 59004,10.362,Valid
Verify,CERT: 61997,10.443,Valid
Verify,CERT: 83670,10.220,Valid
Verify,CERT: 56646,10.294,Valid
Verify,CERT: 74478,10.330,Valid
Verify,CERT: 15122,10.301,Valid
Verify,CERT: 15947,10.444,Valid
Verify,CERT: 78438,10.644,Valid
Verify,CERT: 70423,10.440,Valid
Verify,CERT: 81434,10.316,Valid
Verify,CERT: 99090,10.661,Valid
Verify,CERT: 9369,10.533,Valid
Verify,CERT: 54722,10.358,Valid
Verify,CERT: 46880,10.503,Valid
Verify,CERT: 50928,10.361,Valid
Verify,CERT: 95314,10.382,Valid
Verify,CERT: 72334,10.195,Valid
Verify,CERT: 87682,10.355,Valid
Verify,CERT: 55525,10.537,Valid
Verify,CERT: 73385,10.161,Valid
Verify,CERT: 92119,10.303,Valid
Verify,CERT: 99193,10.668,Valid
Verify,CERT: 48585,10.129,Valid
Verify,CERT: 58528,10.082,Valid
Verify,CERT: 25917,10.314,Valid
Verify,CERT: 229,10.415,Valid
Verify,CERT: 60157,10.217,Valid
Verify,CERT: 74123,10.618,Valid
Verify,CERT: 67982,10.299,Valid
Verify,CERT: 75032,10.439,Valid
Verify,CERT: 37552,10.353,Valid
Verify,CERT: 42181,10.382,Valid
Verify,CERT: 16616,10.045,Valid
Verify,CERT: 56262,10.264,Valid
Verify,CERT: 68093,10.338,Valid
Verify,CERT: 40608,10.554,Valid
Verify,CERT: 1765,10.452,Valid
Verify,CERT: 25886,10.346,Valid
Verify,CERT: 59136,10.417,Valid
Verify,CERT: 42932,10.393,Valid
Verify,CERT: 81078,10.350,Valid
Verify,CERT: 67481,10.229,Valid
Verify,CERT: 28346,10.176,Valid
Verify,CERT: 44550,10.377,Valid
Verify,CERT: 41630,10.290,Valid
Verify,CERT: 30750,10.636,Valid
Verify,CERT: 80956,10.352,Valid
Verify,CERT: 86914,10.249,Valid
Verify,CERT: 38803,10.107,Valid
Verify,CERT: 84926,10.441,Valid
Verify,CERT: 87349,10.259,Valid
Verify,CERT: 93955,10.271,Valid
Verify,CERT: 52750,10.164,Valid
Verify,CERT: 66600,10.340,Valid
Verify,CERT-123456,10.248,Invalid
